SMILES,Title,pIC50,dpIC50,EXP_BINDING_AFFINITY_IN_KCAL_PER_MOL,EXP_BINDING_AFFINITY_IN_KCAL_PER_MOL_STDERR,EXP_BINDING_AFFINITY_IN_KCAL_PER_MOL_95%CI_LOW,EXP_BINDING_AFFINITY_IN_KCAL_PER_MOL_95%CI_HIGH
[H][C@@]1(C(=O)Nc2cncc3ccccc23)CN(S(=O)(=O)CC2(C#N)CC2)Cc2ccc(Cl)cc21,MAT-POS-e194df51-1,7.434152181326482,0.01532574389592245,-10.150836419120514,0.020926275854240745,-10.192555446285288,-10.108850342868326
Cl.Cl.[H][C@@]1(C(=O)Nc2cncc3ccccc23)CNCc2ccc(Cl)cc21,MAT-POS-3ccb8ef6-1,6.540607512240769,0.011677734141999352,-8.930761076588606,0.015945163097301984,-8.962479866764541,-8.898699214375332
[H][C@@]1(C(=O)Nc2cncc3ccccc23)CCOc2ccc(Cl)cc21,MAT-POS-b3e365b9-1,6.634512015109101,0.06667274305656234,-9.058981379911101,0.0910371609127402,-9.239890152303145,-8.875741508652183
O=C(Cc1cccc(Cl)c1)Nc1cncc2ccccc12,ADA-UCB-6c2cb422-1,6.135488918941608,0.014240115596218628,-8.377598796530163,0.019443923191358462,-8.416951270219723,-8.339175577454288
Cc1ccncc1NC(=O)Cc1cccc(Cl)c1,TRY-UNI-714a760b-6,4.6252516539898965,0.04271580784850748,-6.315471057325151,0.05832557195559263,-6.431141982789981,-6.197839694967611
